"","Año","Sexo","Tasa.Actividad","Tasa.Empleo","Tasa.Desempleo","Tasa.Informalidad","Tasa.Subocupados","PromedioProporcion"
"1",2016,"Mujer",37.4964756217713,34.3433822522535,8.40903929564787,30.0522288494042,12.6485794311129,0.88717686716528
"2",2016,"Varón",53.8423604406496,50.1162500439489,6.92040684361904,26.7113126037102,8.54167625746932,0.96014713689799
