"","Año","REGION","Tasa.Actividad","Tasa.Empleo","Tasa.Desempleo","Tasa.Informalidad","Tasa.Subocupados","PromedioProporcion"
"1",2013,"Cuyo",42.0390411972352,39.985931734859,4.88381610023786,30.3254697710403,4.57891803786993,0.916572356215213
"2",2013,"Gran Buenos Aires",47.1950890669437,44.1231451874977,6.50903291037044,28.5249926409339,5.08994047010875,0.922017067494182
"3",2013,"NEA",36.6214246294631,35.8222683461848,2.18220970747103,36.3437804768722,2.37833640531784,0.930423484119346
"4",2013,"NOA",42.2839094421937,39.9609062021908,5.493823231219,37.984425603144,5.10359498921107,0.902833883907504
"5",2013,"Pampeana",46.3400489994922,42.7420691229605,7.76429881757596,27.1870580402898,6.02012072724444,0.921527756995361
"6",2013,"Patagónica",44.8389046496305,42.3875980811221,5.46691893493567,14.9971969882335,2.46301590115877,0.930339761248852
