"","Año","Sexo","Tasa.Actividad","Tasa.Empleo","Tasa.Desempleo","Tasa.Informalidad","Tasa.Subocupados","PromedioProporcion"
"1",2013,"Mujer",37.4138141237759,34.5944756983556,7.53555469135832,30.0295004832662,6.72051861377461,0.875798238074774
"2",2013,"Varón",54.2008422271807,51.190555999581,5.55394732609922,28.2020275813514,3.86096417741987,0.95117941606964
