"","Año","Sexo","Tasa.Actividad","Tasa.Empleo","Tasa.Desempleo","Tasa.Informalidad","Tasa.Subocupados","PromedioProporcion"
"1",2011,"Mujer",37.2687505471459,34.1965558999679,8.2433529487166,32.9454905010359,7.48117466071456,0.8760736
"2",2011,"Varón",55.3764762005864,52.2360400669442,5.67106531348568,28.3788992998878,4.8041258096218,0.949414458373996
