"","Año","REGION","Tasa.Actividad","Tasa.Empleo","Tasa.Desempleo","Tasa.Informalidad","Tasa.Subocupados","PromedioProporcion"
"1",2012,"Cuyo",41.9115857981059,40.2673860027873,3.92301976651259,30.5045653162923,5.19681573166823,0.920259189443921
"2",2012,"Gran Buenos Aires",48.8299738640304,45.0496606014097,7.74178842107763,30.594099383443,6.94389565379397,0.917934086054318
"3",2012,"NEA",37.2648983034961,36.3071328146968,2.57015457549087,36.7575362988477,2.22164539794838,0.931126447016919
"4",2012,"NOA",41.9261415506831,39.6972948732322,5.31612639516683,37.7531029085836,4.91816899484957,0.910217339383807
"5",2012,"Pampeana",45.6922541545973,42.3527304468749,7.30873048290254,28.9814038859674,7.31336439800398,0.922861978765964
"6",2012,"Patagónica",45.1509042568732,43.3014871300435,4.09607992856126,18.5827360345864,3.65916473618139,0.929391355483681
