"","Año","Sexo","Tasa.Actividad","Tasa.Empleo","Tasa.Desempleo","Tasa.Informalidad","Tasa.Subocupados","PromedioProporcion"
"1",2012,"Mujer",37.4993213599885,34.2452120040895,8.67778199146576,33.4623429869186,8.07166161532463,0.879834987178058
"2",2012,"Varón",55.584372647605,52.4875212496636,5.57144256637542,28.5473249005357,5.26824861290993,0.950446603463136
