"","Año","Sexo","Tasa.Actividad","Tasa.Empleo","Tasa.Desempleo","Tasa.Informalidad","Tasa.Subocupados","PromedioProporcion"
"1",2017,"Mujer",38.680801086572,35.3341101853879,8.65207236451447,30.2025386483081,12.1226396421361,0.881170585292646
"2",2017,"Varón",54.7505435817836,51.3970093311919,6.12511590059792,28.1778320690525,8.69684204959086,0.954434087882823
