"","Año","REGION","Tasa.Actividad","Tasa.Empleo","Tasa.Desempleo","Tasa.Informalidad","Tasa.Subocupados","PromedioProporcion"
"1",2018,"Cuyo",44.5442032733773,42.4522304126769,4.69639752643361,34.4561070513429,11.308625159453,0.919393939393939
"2",2018,"Gran Buenos Aires",47.7371203854681,42.7485218227161,10.4501455522872,27.8784945088959,12.7639438924797,0.923649465364947
"3",2018,"NEA",40.5333377919906,38.8564707353368,4.13700708601682,31.6411250502908,9.03821355615458,0.930327272727273
"4",2018,"NOA",45.2746338203255,41.9941159785385,7.24581860740369,37.1743169477611,12.2200144807271,0.898497312939231
"5",2018,"Pampeana",46.4103694410346,42.1279778372211,9.22723015436093,30.5150776950425,11.6551795634424,0.918358028424554
"6",2018,"Patagónica",43.0879065476598,40.4874667787457,6.03519636313197,16.4575628343744,5.14477222592611,0.932656759695542
