"","Año","Sexo","Tasa.Actividad","Tasa.Empleo","Tasa.Desempleo","Tasa.Informalidad","Tasa.Subocupados","PromedioProporcion"
"1",2018,"Mujer",39.3521694302511,35.320136257242,10.2460251401275,30.6899619164321,14.8378182010514,0.876059227814837
"2",2018,"Varón",54.3319517058802,49.8521681417292,8.24521009000706,28.3500672372539,9.68594819134664,0.9502298673249
