periodo,indice_ipim
2012,105.99824925854794
2013,120.44496923137224
2014,153.00092109904753
2015,174.86412155894382
2016,232.41260726388953
2017,273.6012493558997
2018,409.4556994659234
2019,651.5897409113035
