"","Año","REGION","Tasa.Actividad","Tasa.Empleo","Tasa.Desempleo","Tasa.Informalidad","Tasa.Subocupados","PromedioProporcion"
"1",2014,"Cuyo",43.2625568947797,41.2433761796073,4.66727086908733,33.8757835458981,6.33088438522404,0.915859340659341
"2",2014,"Gran Buenos Aires",46.4429958755123,43.1033278957565,7.19089696260686,28.88365981714,6.34045251083488,0.918890646181654
"3",2014,"NEA",36.0056510322399,35.0476042726056,2.66082332125168,37.3585475571473,2.43561382056249,0.93205199628598
"4",2014,"NOA",42.7407353303691,40.0486781278626,6.2985748413029,36.6594207362687,5.59685418380026,0.898125506072874
"5",2014,"Pampeana",45.9990224430777,42.2584008798012,8.13195882131049,28.1893699804419,6.89220612013226,0.916819418587999
"6",2014,"Patagónica",45.2280049691448,42.5296179212411,5.96618632580554,17.6560624422071,2.52028217513348,0.927635600839077
