"","Año","Sexo","Tasa.Actividad","Tasa.Empleo","Tasa.Desempleo","Tasa.Informalidad","Tasa.Subocupados","PromedioProporcion"
"1",2014,"Mujer",37.4374346336732,34.4902799777694,7.87221315974731,31.1266897193881,7.50400058303071,0.871302554027505
"2",2014,"Varón",53.4110009530959,50.083493425168,6.23000406011869,28.5274636952687,5.04497590326069,0.948889845712235
