"","Año","Sexo","Tasa.Actividad","Tasa.Empleo","Tasa.Desempleo","Tasa.Informalidad","Tasa.Subocupados","PromedioProporcion"
"1",2019,"Mujer",40.2509427427171,36.4347562338864,9.48098665222239,32.1271277668635,15.8963718859376,0.85691063249196
"2",2019,"Varón",54.6851571174997,50.0718616313653,8.43610173089942,29.1141718743655,10.7973780806151,0.945037226442055
